{"count":1,"self":48.149481599999994,"total":86.80908,"children":{"InitializeActuators":{"count":2,"self":0.0019992,"total":0.0019992,"children":null},"InitializeSensors":{"count":2,"self":0.0010421999999999999,"total":0.0010421999999999999,"children":null},"AgentSendState":{"count":4006,"self":0.047590799999999996,"total":1.0476826,"children":{"CollectObservations":{"count":1003,"self":0.93823059999999991,"total":0.93823059999999991,"children":null},"WriteActionMask":{"count":1003,"self":0.017924199999999998,"total":0.017924199999999998,"children":null},"RequestDecision":{"count":1003,"self":0.0179579,"total":0.043937,"children":{"AgentInfo.ToProto":{"count":1003,"self":0.0119578,"total":0.025979099999999998,"children":{"GenerateSensorData":{"count":1003,"self":0.014021299999999999,"total":0.014021299999999999,"children":null}}}}}}},"DecideAction":{"count":4006,"self":33.5297312,"total":33.5297299,"children":null},"AgentAct":{"count":4006,"self":3.960746,"total":4.077145,"children":{"InitializeActuators":{"count":2005,"self":0.030111299999999997,"total":0.030111299999999997,"children":null},"InitializeSensors":{"count":2005,"self":0.0340972,"total":0.0340972,"children":null},"AgentInfo.ToProto":{"count":2007,"self":0.0220033,"total":0.0521905,"children":{"GenerateSensorData":{"count":2007,"self":0.030187199999999997,"total":0.030187199999999997,"children":null}}}}}},"gauges":{"RTSAgent.CumulativeReward":{"count":2,"max":0,"min":-3014.89648,"runningAverage":-1507.44824,"value":-3014.89648,"weightedAverage":-753.7241}},"metadata":{"timer_format_version":"0.1.0","start_time_seconds":"1620974724","unity_version":"2020.1.13f1","command_line_arguments":"C:\\Program Files\\Unity\\Hub\\Editor\\2020.1.13f1\\Editor\\Unity.exe -projectpath D:\/Unity Projects\/Licenta_RTS-Game\/Licenta_RTS-Game -useHub -hubIPC -cloudEnvironment production -hubSessionId c4409700-b476-11eb-ab50-e15017a787b0 -accessToken 4FwGh2dGzUzSu--FyxELosyKUluDdW_87y-I3QGpSqc012f","communication_protocol_version":"1.5.0","com.unity.ml-agents_version":"1.9.1-preview","scene_name":"GameScene","end_time_seconds":"1620974811"}}