{"general":0.4688894,"sounds":0.4763354,"music":0.124702878}