{"general":0.424444944,"sounds":0.224483535,"music":0.383962154}