{"general":0.217037529,"sounds":0.4763354,"music":0.124702878}