{"general":1.0,"sounds":0.448466569,"music":0.3108938}