{"cameraMode":{"drawMode":0,"name":"Shaded","section":"Shading Mode"},"sceneLighting":false,"audioPlay":false,"sceneViewState":{"showFog":true,"showMaterialUpdate":false,"showSkybox":false,"showFlares":true,"showImageEffects":true,"showParticleSystems":true,"showVisualEffectGraphs":true,"m_FxEnabled":true},"in2DMode":false,"pivot":{"x":0.3736165165901184,"y":1.0680222511291505,"z":0.14834874868392945},"rotation":{"x":-0.4339529871940613,"y":0.06934328377246857,"z":-0.03352295607328415,"w":-0.8976412415504456},"size":2.0101547241210939,"orthographic":false}