{"cameraMode":{"drawMode":0,"name":"Shaded","section":"Shading Mode"},"sceneLighting":true,"audioPlay":false,"sceneViewState":{"showFog":true,"showMaterialUpdate":false,"showSkybox":true,"showFlares":true,"showImageEffects":true,"showParticleSystems":true,"showVisualEffectGraphs":true,"m_FxEnabled":true},"in2DMode":false,"pivot":{"x":3.4925577640533449,"y":5.2403950691223148,"z":-4.911856174468994},"rotation":{"x":-0.12407912313938141,"y":-0.8744925260543823,"z":0.30274298787117007,"w":-0.35817214846611025},"size":11.733948707580567,"orthographic":false}