{"cameraMode":{"drawMode":0,"name":"Shaded","section":"Shading Mode"},"sceneLighting":true,"audioPlay":false,"sceneViewState":{"showFog":true,"showMaterialUpdate":false,"showSkybox":true,"showFlares":true,"showImageEffects":true,"showParticleSystems":true,"showVisualEffectGraphs":true,"m_FxEnabled":true},"in2DMode":false,"pivot":{"x":-4.0242815017700199,"y":-0.9834010601043701,"z":-28.827428817749025},"rotation":{"x":-0.27444642782211306,"y":-0.1652127355337143,"z":0.047836437821388248,"w":-0.9461345672607422},"size":11.568549156188965,"orthographic":false}