{"cameraMode":{"drawMode":0,"name":"Shaded","section":"Shading Mode"},"sceneLighting":true,"audioPlay":false,"sceneViewState":{"showFog":true,"showMaterialUpdate":false,"showSkybox":true,"showFlares":true,"showImageEffects":true,"showParticleSystems":true,"showVisualEffectGraphs":true,"m_FxEnabled":true},"in2DMode":false,"pivot":{"x":434.36602783203127,"y":-114.76578521728516,"z":-1448.8875732421875},"rotation":{"x":-0.006747793406248093,"y":-0.9837263226509094,"z":0.03719441220164299,"w":-0.17590031027793885},"size":789.8452758789063,"orthographic":false}