{
    "name": "root",
    "gauges": {
        "WorkerAgent.Policy.Entropy.mean": {
            "value": -3.576278118089249e-07,
            "min": -3.576278118089249e-07,
            "max": -3.576278118089249e-07,
            "count": 1
        },
        "WorkerAgent.Policy.Entropy.sum": {
            "value": -0.0038419957272708416,
            "min": -0.0038419957272708416,
            "max": -0.0038419957272708416,
            "count": 1
        },
        "WorkerAgent.Step.mean": {
            "value": 9976.0,
            "min": 9976.0,
            "max": 9976.0,
            "count": 1
        },
        "WorkerAgent.Step.sum": {
            "value": 9976.0,
            "min": 9976.0,
            "max": 9976.0,
            "count": 1
        },
        "WorkerAgent.Policy.GailValueEstimate.mean": {
            "value": -7959677132341248.0,
            "min": -7959677132341248.0,
            "max": -7959677132341248.0,
            "count": 1
        },
        "WorkerAgent.Policy.GailValueEstimate.sum": {
            "value": -1.5680564133248369e+18,
            "min": -1.5680564133248369e+18,
            "max": -1.5680564133248369e+18,
            "count": 1
        },
        "WorkerAgent.Policy.ExtrinsicValueEstimate.mean": {
            "value": 7310456318328832.0,
            "min": 7310456318328832.0,
            "max": 7310456318328832.0,
            "count": 1
        },
        "WorkerAgent.Policy.ExtrinsicValueEstimate.sum": {
            "value": 1.4401598463923978e+18,
            "min": 1.4401598463923978e+18,
            "max": 1.4401598463923978e+18,
            "count": 1
        },
        "WorkerAgent.Losses.PolicyLoss.mean": {
            "value": 0.02790104417452372,
            "min": 0.02790104417452372,
            "max": 0.02790104417452372,
            "count": 1
        },
        "WorkerAgent.Losses.PolicyLoss.sum": {
            "value": 1.7298647388204706,
            "min": 1.7298647388204706,
            "max": 1.7298647388204706,
            "count": 1
        },
        "WorkerAgent.Losses.ValueLoss.mean": {
            "value": 2.8487918901932247e+30,
            "min": 2.8487918901932247e+30,
            "max": 2.8487918901932247e+30,
            "count": 1
        },
        "WorkerAgent.Losses.ValueLoss.sum": {
            "value": 1.7662509719197993e+32,
            "min": 1.7662509719197993e+32,
            "max": 1.7662509719197993e+32,
            "count": 1
        },
        "WorkerAgent.Policy.LearningRate.mean": {
            "value": 0.6932424258074169,
            "min": 0.6932424258074169,
            "max": 0.6932424258074169,
            "count": 1
        },
        "WorkerAgent.Policy.LearningRate.sum": {
            "value": 42.98103040005985,
            "min": 42.98103040005985,
            "max": 42.98103040005985,
            "count": 1
        },
        "WorkerAgent.Policy.Epsilon.mean": {
            "value": 0.19903463225806448,
            "min": 0.19903463225806448,
            "max": 0.19903463225806448,
            "count": 1
        },
        "WorkerAgent.Policy.Epsilon.sum": {
            "value": 12.340147199999997,
            "min": 12.340147199999997,
            "max": 12.340147199999997,
            "count": 1
        },
        "WorkerAgent.Policy.Beta.mean": {
            "value": 0.0004952696980645161,
            "min": 0.0004952696980645161,
            "max": 0.0004952696980645161,
            "count": 1
        },
        "WorkerAgent.Policy.Beta.sum": {
            "value": 0.030706721279999998,
            "min": 0.030706721279999998,
            "max": 0.030706721279999998,
            "count": 1
        },
        "WorkerAgent.Policy.GAILPolicyEstimate.mean": {
            "value": 0.0,
            "min": 0.0,
            "max": 0.0,
            "count": 1
        },
        "WorkerAgent.Policy.GAILPolicyEstimate.sum": {
            "value": 0.0,
            "min": 0.0,
            "max": 0.0,
            "count": 1
        },
        "WorkerAgent.Policy.GAILExpertEstimate.mean": {
            "value": 0.0,
            "min": 0.0,
            "max": 0.0,
            "count": 1
        },
        "WorkerAgent.Policy.GAILExpertEstimate.sum": {
            "value": 0.0,
            "min": 0.0,
            "max": 0.0,
            "count": 1
        },
        "WorkerAgent.Losses.GAILLoss.mean": {
            "value": 16.11809539794922,
            "min": 16.11809539794922,
            "max": 16.11809539794922,
            "count": 1
        },
        "WorkerAgent.Losses.GAILLoss.sum": {
            "value": 999.3219146728516,
            "min": 999.3219146728516,
            "max": 999.3219146728516,
            "count": 1
        },
        "WorkerAgent.Policy.GAILGradMagLoss.mean": {
            "value": 9.993677139282227,
            "min": 9.993677139282227,
            "max": 9.993677139282227,
            "count": 1
        },
        "WorkerAgent.Policy.GAILGradMagLoss.sum": {
            "value": 619.607982635498,
            "min": 619.607982635498,
            "max": 619.607982635498,
            "count": 1
        },
        "WorkerAgent.Environment.EpisodeLength.mean": {
            "value": 99.0,
            "min": 99.0,
            "max": 99.0,
            "count": 1
        },
        "WorkerAgent.Environment.EpisodeLength.sum": {
            "value": 9306.0,
            "min": 9306.0,
            "max": 9306.0,
            "count": 1
        },
        "WorkerAgent.Environment.CumulativeReward.mean": {
            "value": -251.78101705997548,
            "min": -251.78101705997548,
            "max": -251.78101705997548,
            "count": 1
        },
        "WorkerAgent.Environment.CumulativeReward.sum": {
            "value": -23667.415603637695,
            "min": -23667.415603637695,
            "max": -23667.415603637695,
            "count": 1
        },
        "WorkerAgent.Policy.GailReward.mean": {
            "value": 0.0,
            "min": 0.0,
            "max": 0.0,
            "count": 1
        },
        "WorkerAgent.Policy.GailReward.sum": {
            "value": 0.0,
            "min": 0.0,
            "max": 0.0,
            "count": 1
        },
        "WorkerAgent.Policy.ExtrinsicReward.mean": {
            "value": -251.78101705997548,
            "min": -251.78101705997548,
            "max": -251.78101705997548,
            "count": 1
        },
        "WorkerAgent.Policy.ExtrinsicReward.sum": {
            "value": -23667.415603637695,
            "min": -23667.415603637695,
            "max": -23667.415603637695,
            "count": 1
        },
        "WorkerAgent.IsTraining.mean": {
            "value": 1.0,
            "min": 1.0,
            "max": 1.0,
            "count": 1
        },
        "WorkerAgent.IsTraining.sum": {
            "value": 1.0,
            "min": 1.0,
            "max": 1.0,
            "count": 1
        }
    },
    "metadata": {
        "timer_format_version": "0.1.0",
        "start_time_seconds": "1624020297",
        "python_version": "3.9.2 (tags/v3.9.2:1a79785, Feb 19 2021, 13:44:55) [MSC v.1928 64 bit (AMD64)]",
        "command_line_arguments": "D:\\Unity Projects\\Licenta_RTS-Game\\Licenta_RTS-Game\\venv\\Scripts\\mlagents-learn config/gail_config.yaml --initialize-from=AgentRTS8 --run-id=AgentRTS10",
        "mlagents_version": "0.26.0",
        "mlagents_envs_version": "0.26.0",
        "communication_protocol_version": "1.5.0",
        "pytorch_version": "1.7.1+cu110",
        "numpy_version": "1.20.3",
        "end_time_seconds": "1624020713"
    },
    "total": 416.2564584,
    "count": 1,
    "self": 0.0522724999999582,
    "children": {
        "run_training.setup": {
            "total": 0.2902728999999997,
            "count": 1,
            "self": 0.2902728999999997
        },
        "TrainerController.start_learning": {
            "total": 415.91391300000004,
            "count": 1,
            "self": 0.10756740000158516,