{
    "name": "root",
    "metadata": {
        "timer_format_version": "0.1.0",
        "start_time_seconds": "1620974709",
        "python_version": "3.9.2 (tags/v3.9.2:1a79785, Feb 19 2021, 13:44:55) [MSC v.1928 64 bit (AMD64)]",
        "command_line_arguments": "D:\\Unity Projects\\Licenta_RTS-Game\\Licenta_RTS-Game\\venv\\Scripts\\mlagents-learn config\\RTSAgent.yaml --run-id=RTSAgent --force",
        "mlagents_version": "0.26.0",
        "mlagents_envs_version": "0.26.0",
        "communication_protocol_version": "1.5.0",
        "pytorch_version": "1.7.1+cu110",
        "numpy_version": "1.20.3",
        "end_time_seconds": "1620974811"
    },
    "total": 102.2406943,
    "count": 1,
    "self": 0.009188900000012268,
    "children": {
        "run_training.setup": {
            "total": 0.3240688999999999,
            "count": 1,
            "self": 0.3240688999999999
        },
        "TrainerController.start_learning": {
            "total": 101.90743649999999,
            "count": 1,
            "self": 0.06337179999995612,
            "children": {
                "TrainerController._reset_env": {
                    "total": 18.073797900000002,
                    "count": 1,
                    "self": 18.073797900000002
                },
                "TrainerController.advance": {
                    "total": 83.13864330000003,
                    "count": 2405,
                    "self": 0.0645118000003464,
                    "children": {
                        "env_step": {
                            "total": 74.27650129999974,
                            "count": 2405,
                            "self": 62.871870099999455,
                            "children": {
                                "SubprocessEnvManager._take_step": {
                                    "total": 11.365422900000272,
                                    "count": 2405,
                                    "self": 0.08853310000021963,
                                    "children": {
                                        "TorchPolicy.evaluate": {
                                            "total": 11.276889800000053,
                                            "count": 802,
                                            "self": 1.1054637000001577,
                                            "children": {
                                                "TorchPolicy.sample_actions": {
                                                    "total": 10.171426099999895,
                                                    "count": 802,
                                                    "self": 10.171426099999895
                                                }
                                            }
                                        }
                                    }
                                },
                                "workers": {
                                    "total": 0.03920830000001274,
                                    "count": 2404,
                                    "self": 0.0,
                                    "children": {
                                        "worker_root": {
                                            "total": 84.80988719999993,
                                            "count": 2404,
                                            "is_parallel": true,
                                            "self": 24.80586870000006,
                                            "children": {
                                                "steps_from_proto": {
                                                    "total": 0.0008118000000010284,
                                                    "count": 1,
                                                    "is_parallel": true,
                                                    "self": 0.00046190000000478904,
                                                    "children": {
                                                        "_process_rank_one_or_two_observation": {
                                                            "total": 0.00034989999999623933,
                                                            "count": 2,
                                                            "is_parallel": true,
                                                            "self": 0.00034989999999623933
                                                        }
                                                    }
                                                },
                                                "UnityEnvironment.step": {
                                                    "total": 60.00320669999987,
                                                    "count": 2404,
                                                    "is_parallel": true,
                                                    "self": 0.26180759999959236,
                                                    "children": {
                                                        "UnityEnvironment._generate_step_input": {
                                                            "total": 0.28174900000027137,
                                                            "count": 2404,
                                                            "is_parallel": true,
                                                            "self": 0.28174900000027137
                                                        },
                                                        "communicator.exchange": {
                                                            "total": 58.627114800000214,
                                                            "count": 2404,
                                                            "is_parallel": true,
                                                            "self": 58.627114800000214
                                                        },
                                                        "steps_from_proto": {
                                                            "total": 0.8325352999997868,
                                                            "count": 2404,
                                                            "is_parallel": true,
                                                            "self": 0.4917745999998324,
                                                            "children": {
                                                                "_process_rank_one_or_two_observation": {
                                                                    "total": 0.3407606999999544,
                                                                    "count": 4808,
                                                                    "is_parallel": true,
                                                                    "self": 0.3407606999999544
                                                                }
                                                            }
                                                        }
                                                    }
                                                }
                                            }
                                        }
                                    }
                                }
                            }
                        },
                        "trainer_advance": {
                            "total": 8.797630199999947,
                            "count": 2404,
                            "self": 0.0763560999998596,
                            "children": {
                                "process_trajectory": {
                                    "total": 0.116726500000091,
                                    "count": 2404,
                                    "self": 0.116726500000091
                                },