{
    "name": "root",
    "metadata": {
        "timer_format_version": "0.1.0",
        "start_time_seconds": "1623525470",
        "python_version": "3.9.2 (tags/v3.9.2:1a79785, Feb 19 2021, 13:44:55) [MSC v.1928 64 bit (AMD64)]",
        "command_line_arguments": "D:\\Unity Projects\\Licenta_RTS-Game\\Licenta_RTS-Game\\venv\\Scripts\\mlagents-learn config/gail_config.yaml --run-id=RTSAgent --force",
        "mlagents_version": "0.26.0",
        "mlagents_envs_version": "0.26.0",
        "communication_protocol_version": "1.5.0",
        "pytorch_version": "1.7.1+cu110",
        "numpy_version": "1.20.3",
        "end_time_seconds": "1623525657"
    },
    "total": 186.2874213,
    "count": 1,
    "self": 0.07448640000001205,
    "children": {
        "run_training.setup": {
            "total": 0.17413049999999997,
            "count": 1,
            "self": 0.17413049999999997
        },
        "TrainerController.start_learning": {
            "total": 186.0388044,
            "count": 1,
            "self": 0.01786680000006413,
            "children": {
                "TrainerController._reset_env": {
                    "total": 29.5282658,
                    "count": 1,
                    "self": 22.741415099999998,
                    "children": {
                        "demo_to_buffer": {
                            "total": 6.786850700000002,
                            "count": 2,
                            "self": 0.044338100000000935,
                            "children": {
                                "load_demonstration": {
                                    "total": 1.3041201999999998,
                                    "count": 2,
                                    "self": 1.3035843999999983,
                                    "children": {
                                        "read_file": {
                                            "total": 0.0005358000000015295,
                                            "count": 2,
                                            "self": 0.0005358000000015295
                                        }
                                    }
                                },
                                "make_demo_buffer": {
                                    "total": 5.4383924000000015,
                                    "count": 2,
                                    "self": 1.054097400000341,
                                    "children": {
                                        "steps_from_proto": {
                                            "total": 4.3842949999996605,
                                            "count": 15740,
                                            "self": 3.349756399999521,
                                            "children": {
                                                "_process_rank_one_or_two_observation": {
                                                    "total": 1.0345386000001398,
                                                    "count": 31480,
                                                    "self": 1.0345386000001398
                                                }
                                            }
                                        }
                                    }
                                }
                            }
                        }
                    }
                },
                "TrainerController.advance": {
                    "total": 155.0424519999999,
                    "count": 284,
                    "self": 0.02650249999993548,
                    "children": {
                        "env_step": {
                            "total": 110.87249340000005,
                            "count": 284,
                            "self": 105.5904551999999,
                            "children": {
                                "SubprocessEnvManager._take_step": {
                                    "total": 5.267959100000176,
                                    "count": 284,
                                    "self": 0.10369680000020765,
                                    "children": {
                                        "TorchPolicy.evaluate": {
                                            "total": 5.164262299999969,
                                            "count": 414,
                                            "self": 1.0783091999999321,
                                            "children": {
                                                "TorchPolicy.sample_actions": {
                                                    "total": 4.085953100000037,
                                                    "count": 414,
                                                    "self": 4.085953100000037
                                                }
                                            }
                                        }
                                    }
                                },
                                "workers": {
                                    "total": 0.014079099999982247,
                                    "count": 283,
                                    "self": 0.0,
                                    "children": {
                                        "worker_root": {
                                            "total": 163.32502060000013,
                                            "count": 283,
                                            "is_parallel": true,
                                            "self": 59.29009810000014,
                                            "children": {
                                                "steps_from_proto": {
                                                    "total": 0.0024073999999991713,
                                                    "count": 2,
                                                    "is_parallel": true,
                                                    "self": 0.0016164999999936924,
                                                    "children": {
                                                        "_process_rank_one_or_two_observation": {
                                                            "total": 0.0007909000000054789,
                                                            "count": 4,
                                                            "is_parallel": true,
                                                            "self": 0.0007909000000054789
                                                        }
                                                    }
                                                },
                                                "UnityEnvironment.step": {
                                                    "total": 104.0325151,
                                                    "count": 283,
                                                    "is_parallel": true,
                                                    "self": 0.14558690000002628,
                                                    "children": {
                                                        "UnityEnvironment._generate_step_input": {
                                                            "total": 1.0792340999999226,
                                                            "count": 283,
                                                            "is_parallel": true,
                                                            "self": 1.0792340999999226
                                                        },
                                                        "communicator.exchange": {
                                                            "total": 102.30207720000008,
                                                            "count": 283,
                                                            "is_parallel": true,