{
    "name": "root",
    "metadata": {
        "timer_format_version": "0.1.0",
        "start_time_seconds": "1624047594",
        "python_version": "3.9.2 (tags/v3.9.2:1a79785, Feb 19 2021, 13:44:55) [MSC v.1928 64 bit (AMD64)]",
        "command_line_arguments": "D:\\Unity Projects\\Licenta_RTS-Game\\Licenta_RTS-Game\\venv\\Scripts\\mlagents-learn config/gail_config.yaml --initialize-from=AgentRTS8 --run-id=AgentRTS14",
        "mlagents_version": "0.27.0",
        "mlagents_envs_version": "0.27.0",
        "communication_protocol_version": "1.5.0",
        "pytorch_version": "1.7.1+cu110",
        "numpy_version": "1.20.3",
        "end_time_seconds": "1624047677"
    },
    "total": 83.3577618,
    "count": 1,
    "self": 1.3555336000000011,
    "children": {
        "run_training.setup": {
            "total": 0.47155080000000105,
            "count": 1,
            "self": 0.47155080000000105
        },
        "TrainerController.start_learning": {
            "total": 81.5306774,
            "count": 1,
            "self": 0.012837299999972629,
            "children": {
                "TrainerController._reset_env": {
                    "total": 55.571821500000006,
                    "count": 1,
                    "self": 54.72230940000001,
                    "children": {
                        "demo_to_buffer": {
                            "total": 0.8495120999999983,
                            "count": 2,
                            "self": 0.001431600000003641,
                            "children": {
                                "load_demonstration": {
                                    "total": 0.3738912999999968,
                                    "count": 2,
                                    "self": 0.2738097999999951,
                                    "children": {
                                        "read_file": {
                                            "total": 0.10008150000000171,
                                            "count": 2,
                                            "self": 0.10008150000000171
                                        }
                                    }
                                },
                                "make_demo_buffer": {
                                    "total": 0.47418919999999787,
                                    "count": 2,
                                    "self": 0.12320020000001364,
                                    "children": {
                                        "steps_from_proto": {
                                            "total": 0.35098899999998423,
                                            "count": 1596,
                                            "self": 0.25362789999964264,
                                            "children": {
                                                "_process_rank_one_or_two_observation": {
                                                    "total": 0.0973611000003416,
                                                    "count": 3192,
                                                    "self": 0.0973611000003416
                                                }
                                            }
                                        }
                                    }
                                }
                            }
                        }
                    }
                },
                "TrainerController.advance": {
                    "total": 19.517216800000014,
                    "count": 6,
                    "self": 0.00019539999998130497,
                    "children": {
                        "env_step": {
                            "total": 19.51663239999999,
                            "count": 6,
                            "self": 1.4077983999999901,
                            "children": {
                                "SubprocessEnvManager._take_step": {
                                    "total": 18.10871979999999,
                                    "count": 6,
                                    "self": 0.0013275999999677879,
                                    "children": {
                                        "TorchPolicy.evaluate": {
                                            "total": 18.10739220000002,
                                            "count": 6,
                                            "self": 0.9597806000000304,
                                            "children": {
                                                "TorchPolicy.sample_actions": {
                                                    "total": 17.14761159999999,
                                                    "count": 6,
                                                    "self": 17.14761159999999
                                                }
                                            }
                                        }
                                    }
                                },
                                "workers": {
                                    "total": 0.00011420000001294284,
                                    "count": 6,
                                    "self": 0.0,
                                    "children": {
                                        "worker_root": {
                                            "total": 50.40377729999999,
                                            "count": 6,
                                            "is_parallel": true,
                                            "self": 50.066303399999974,
                                            "children": {
                                                "steps_from_proto": {
                                                    "total": 0.18514379999999875,
                                                    "count": 2,
                                                    "is_parallel": true,
                                                    "self": 0.023994099999999463,
                                                    "children": {
                                                        "_process_rank_one_or_two_observation": {
                                                            "total": 0.16114969999999929,
                                                            "count": 4,
                                                            "is_parallel": true,
                                                            "self": 0.16114969999999929
                                                        }
                                                    }
                                                },
                                                "UnityEnvironment.step": {
                                                    "total": 0.15233010000001457,
                                                    "count": 6,
                                                    "is_parallel": true,
                                                    "self": 0.0015272000000123853,
                                                    "children": {
                                                        "UnityEnvironment._generate_step_input": {
                                                            "total": 0.0014946000000151116,
                                                            "count": 6,
                                                            "is_parallel": true,
                                                            "self": 0.0014946000000151116
                                                        },
                                                        "communicator.exchange": {
                                                            "total": 0.1464634000000018,
                                                            "count": 6,
                                                            "is_parallel": true,