{
    "name": "root",
    "gauges": {
        "WorkerAgent.Policy.Entropy.mean": {
            "value": -3.576278402306343e-07,
            "min": -3.576278402306343e-07,
            "max": -3.576278402306343e-07,
            "count": 1
        },
        "WorkerAgent.Policy.Entropy.sum": {
            "value": -0.0037207601126283407,
            "min": -0.0037207601126283407,
            "max": -0.0037207601126283407,
            "count": 1
        },
        "WorkerAgent.Step.mean": {
            "value": 9948.0,
            "min": 9948.0,
            "max": 9948.0,
            "count": 1
        },
        "WorkerAgent.Step.sum": {
            "value": 9948.0,
            "min": 9948.0,
            "max": 9948.0,
            "count": 1
        },
        "WorkerAgent.Policy.GailValueEstimate.mean": {
            "value": -7959916576768000.0,
            "min": -7959916576768000.0,
            "max": -7959916576768000.0,
            "count": 1
        },
        "WorkerAgent.Policy.GailValueEstimate.sum": {
            "value": -1.5681035548858778e+18,
            "min": -1.5681035548858778e+18,
            "max": -1.5681035548858778e+18,
            "count": 1
        },
        "WorkerAgent.Policy.ExtrinsicValueEstimate.mean": {
            "value": 7310675361660928.0,
            "min": 7310675361660928.0,
            "max": 7310675361660928.0,
            "count": 1
        },
        "WorkerAgent.Policy.ExtrinsicValueEstimate.sum": {
            "value": 1.440203002223788e+18,
            "min": 1.440203002223788e+18,
            "max": 1.440203002223788e+18,
            "count": 1
        },
        "WorkerAgent.Losses.PolicyLoss.mean": {
            "value": 0.019097361924384555,
            "min": 0.019097361924384555,
            "max": 0.019097361924384555,
            "count": 1
        },
        "WorkerAgent.Losses.PolicyLoss.sum": {
            "value": 1.2795232489337651,
            "min": 1.2795232489337651,
            "max": 1.2795232489337651,
            "count": 1
        },
        "WorkerAgent.Losses.ValueLoss.mean": {
            "value": 2.847488649821346e+30,
            "min": 2.847488649821346e+30,
            "max": 2.847488649821346e+30,
            "count": 1
        },
        "WorkerAgent.Losses.ValueLoss.sum": {
            "value": 1.9078173953803018e+32,
            "min": 1.9078173953803018e+32,
            "max": 1.9078173953803018e+32,
            "count": 1
        },
        "WorkerAgent.Policy.LearningRate.mean": {
            "value": 0.6929605492547369,
            "min": 0.6929605492547369,
            "max": 0.6929605492547369,
            "count": 1
        },
        "WorkerAgent.Policy.LearningRate.sum": {
            "value": 46.42835680006738,
            "min": 46.42835680006738,
            "max": 46.42835680006738,
            "count": 1
        },
        "WorkerAgent.Policy.Epsilon.mean": {
            "value": 0.19899436417910452,
            "min": 0.19899436417910452,
            "max": 0.19899436417910452,
            "count": 1
        },
        "WorkerAgent.Policy.Epsilon.sum": {
            "value": 13.332622400000002,
            "min": 13.332622400000002,
            "max": 13.332622400000002,
            "count": 1
        },
        "WorkerAgent.Policy.Beta.mean": {
            "value": 0.0004950723844776121,
            "min": 0.0004950723844776121,
            "max": 0.0004950723844776121,
            "count": 1
        },
        "WorkerAgent.Policy.Beta.sum": {
            "value": 0.03316984976000001,
            "min": 0.03316984976000001,
            "max": 0.03316984976000001,
            "count": 1
        },
        "WorkerAgent.Policy.GAILPolicyEstimate.mean": {
            "value": 0.0,
            "min": 0.0,
            "max": 0.0,
            "count": 1
        },
        "WorkerAgent.Policy.GAILPolicyEstimate.sum": {
            "value": 0.0,
            "min": 0.0,
            "max": 0.0,
            "count": 1
        },
        "WorkerAgent.Policy.GAILExpertEstimate.mean": {
            "value": 0.0,
            "min": 0.0,
            "max": 0.0,
            "count": 1
        },
        "WorkerAgent.Policy.GAILExpertEstimate.sum": {
            "value": 0.0,
            "min": 0.0,
            "max": 0.0,
            "count": 1
        },
        "WorkerAgent.Losses.GAILLoss.mean": {
            "value": 16.11809539794922,
            "min": 16.11809539794922,
            "max": 16.11809539794922,
            "count": 1
        },
        "WorkerAgent.Losses.GAILLoss.sum": {
            "value": 1079.9123916625977,
            "min": 1079.9123916625977,
            "max": 1079.9123916625977,
            "count": 1
        },
        "WorkerAgent.Policy.GAILGradMagLoss.mean": {
            "value": 9.993677139282227,
            "min": 9.993677139282227,
            "max": 9.993677139282227,
            "count": 1
        },
        "WorkerAgent.Policy.GAILGradMagLoss.sum": {
            "value": 669.5763683319092,
            "min": 669.5763683319092,
            "max": 669.5763683319092,
            "count": 1
        },
        "WorkerAgent.Environment.EpisodeLength.mean": {
            "value": 99.0,
            "min": 99.0,
            "max": 99.0,
            "count": 1
        },
        "WorkerAgent.Environment.EpisodeLength.sum": {
            "value": 9405.0,
            "min": 9405.0,
            "max": 9405.0,
            "count": 1
        },
        "WorkerAgent.Environment.CumulativeReward.mean": {
            "value": -3108.6478000038546,
            "min": -3108.6478000038546,
            "max": -3108.6478000038546,
            "count": 1
        },
        "WorkerAgent.Environment.CumulativeReward.sum": {
            "value": -295321.5410003662,
            "min": -295321.5410003662,
            "max": -295321.5410003662,
            "count": 1
        },
        "WorkerAgent.Policy.GailReward.mean": {
            "value": 0.0,
            "min": 0.0,
            "max": 0.0,
            "count": 1
        },
        "WorkerAgent.Policy.GailReward.sum": {
            "value": 0.0,
            "min": 0.0,
            "max": 0.0,
            "count": 1
        },
        "WorkerAgent.Policy.ExtrinsicReward.mean": {
            "value": -3108.6478000038546,
            "min": -3108.6478000038546,
            "max": -3108.6478000038546,
            "count": 1
        },
        "WorkerAgent.Policy.ExtrinsicReward.sum": {
            "value": -295321.5410003662,
            "min": -295321.5410003662,
            "max": -295321.5410003662,
            "count": 1
        },
        "WorkerAgent.IsTraining.mean": {
            "value": 1.0,
            "min": 1.0,
            "max": 1.0,
            "count": 1
        },
        "WorkerAgent.IsTraining.sum": {
            "value": 1.0,
            "min": 1.0,
            "max": 1.0,
            "count": 1
        }
    },
    "metadata": {
        "timer_format_version": "0.1.0",
        "start_time_seconds": "1624049442",
        "python_version": "3.9.2 (tags/v3.9.2:1a79785, Feb 19 2021, 13:44:55) [MSC v.1928 64 bit (AMD64)]",
        "command_line_arguments": "D:\\Unity Projects\\Licenta_RTS-Game\\Licenta_RTS-Game\\venv\\Scripts\\mlagents-learn config/gail_config.yaml --initialize-from=AgentRTS17 --run-id=AgentRTS18",
        "mlagents_version": "0.27.0",
        "mlagents_envs_version": "0.27.0",
        "communication_protocol_version": "1.5.0",
        "pytorch_version": "1.7.1+cu110",
        "numpy_version": "1.20.3",
        "end_time_seconds": "1624049873"
    },
    "total": 431.0841978,
    "count": 1,
    "self": 0.08259979999996858,
    "children": {
        "run_training.setup": {
            "total": 0.5413965000000003,
            "count": 1,
            "self": 0.5413965000000003
        },
        "TrainerController.start_learning": {
            "total": 430.46020150000004,
            "count": 1,
            "self": 0.04763539999959221,