{"cameraMode":{"drawMode":0,"name":"Shaded","section":"Shading Mode"},"sceneLighting":false,"audioPlay":false,"sceneViewState":{"showFog":true,"showMaterialUpdate":false,"showSkybox":false,"showFlares":true,"showImageEffects":true,"showParticleSystems":true,"showVisualEffectGraphs":true,"m_FxEnabled":true},"in2DMode":false,"pivot":{"x":-0.009790658950805664,"y":3.023191452026367,"z":-0.06508326530456543},"rotation":{"x":-0.24931490421295167,"y":0.7505101561546326,"z":-0.42307373881340029,"w":-0.4422776401042938},"size":5.5730743408203129,"orthographic":false}