{
    "name": "root",
    "gauges": {
        "WorkerAgent.Policy.Entropy.mean": {
            "value": -3.576278402306343e-07,
            "min": -3.576278402306343e-07,
            "max": -3.576278402306343e-07,
            "count": 1
        },
        "WorkerAgent.Policy.Entropy.sum": {
            "value": -0.003746866947039962,
            "min": -0.003746866947039962,
            "max": -0.003746866947039962,
            "count": 1
        },
        "WorkerAgent.Step.mean": {
            "value": 9984.0,
            "min": 9984.0,
            "max": 9984.0,
            "count": 1
        },
        "WorkerAgent.Step.sum": {
            "value": 9984.0,
            "min": 9984.0,
            "max": 9984.0,
            "count": 1
        },
        "WorkerAgent.Policy.ExtrinsicValueEstimate.mean": {
            "value": 7310654423695360.0,
            "min": 7310654423695360.0,
            "max": 7310654423695360.0,
            "count": 1
        },
        "WorkerAgent.Policy.ExtrinsicValueEstimate.sum": {
            "value": 1.4475095318682665e+18,
            "min": 1.4475095318682665e+18,
            "max": 1.4475095318682665e+18,
            "count": 1
        },
        "WorkerAgent.Losses.PolicyLoss.mean": {
            "value": 0.028834113038703205,
            "min": 0.028834113038703205,
            "max": 0.028834113038703205,
            "count": 1
        },
        "WorkerAgent.Losses.PolicyLoss.sum": {
            "value": 1.5858762171286762,
            "min": 1.5858762171286762,
            "max": 1.5858762171286762,
            "count": 1
        },
        "WorkerAgent.Losses.ValueLoss.mean": {
            "value": 2.691919129300719e+30,
            "min": 2.691919129300719e+30,
            "max": 2.691919129300719e+30,
            "count": 1
        },
        "WorkerAgent.Losses.ValueLoss.sum": {
            "value": 1.4805555211153955e+32,
            "min": 1.4805555211153955e+32,
            "max": 1.4805555211153955e+32,
            "count": 1
        },
        "WorkerAgent.Policy.LearningRate.mean": {
            "value": 0.6935738472736452,
            "min": 0.6935738472736452,
            "max": 0.6935738472736452,
            "count": 1
        },
        "WorkerAgent.Policy.LearningRate.sum": {
            "value": 38.14656160005049,
            "min": 38.14656160005049,
            "max": 38.14656160005049,
            "count": 1
        },
        "WorkerAgent.Policy.Epsilon.mean": {
            "value": 0.19908197818181816,
            "min": 0.19908197818181816,
            "max": 0.19908197818181816,
            "count": 1
        },
        "WorkerAgent.Policy.Epsilon.sum": {
            "value": 10.949508799999998,
            "min": 10.949508799999998,
            "max": 10.949508799999998,
            "count": 1
        },
        "WorkerAgent.Policy.Beta.mean": {
            "value": 0.0004955016930909091,
            "min": 0.0004955016930909091,
            "max": 0.0004955016930909091,
            "count": 1
        },
        "WorkerAgent.Policy.Beta.sum": {
            "value": 0.02725259312,
            "min": 0.02725259312,
            "max": 0.02725259312,
            "count": 1
        },
        "WorkerAgent.Environment.EpisodeLength.mean": {
            "value": 99.0,
            "min": 99.0,
            "max": 99.0,
            "count": 1
        },
        "WorkerAgent.Environment.EpisodeLength.sum": {
            "value": 9504.0,
            "min": 9504.0,
            "max": 9504.0,
            "count": 1
        },
        "WorkerAgent.Environment.CumulativeReward.mean": {
            "value": -3191.7206548055015,
            "min": -3191.7206548055015,
            "max": -3191.7206548055015,
            "count": 1
        },
        "WorkerAgent.Environment.CumulativeReward.sum": {
            "value": -306405.1828613281,
            "min": -306405.1828613281,
            "max": -306405.1828613281,
            "count": 1
        },
        "WorkerAgent.Policy.ExtrinsicReward.mean": {
            "value": -3191.7206548055015,
            "min": -3191.7206548055015,
            "max": -3191.7206548055015,
            "count": 1
        },
        "WorkerAgent.Policy.ExtrinsicReward.sum": {
            "value": -306405.1828613281,
            "min": -306405.1828613281,
            "max": -306405.1828613281,
            "count": 1
        },
        "WorkerAgent.IsTraining.mean": {
            "value": 1.0,
            "min": 1.0,
            "max": 1.0,
            "count": 1
        },
        "WorkerAgent.IsTraining.sum": {
            "value": 1.0,
            "min": 1.0,
            "max": 1.0,
            "count": 1
        },
        "HarvesterAgent.Policy.Entropy.mean": {
            "value": -3.576278402306343e-07,
            "min": -3.576278402306343e-07,
            "max": -3.576278402306343e-07,
            "count": 1
        },
        "HarvesterAgent.Policy.Entropy.sum": {
            "value": -0.0037143228109925985,
            "min": -0.0037143228109925985,
            "max": -0.0037143228109925985,
            "count": 1
        },
        "HarvesterAgent.Step.mean": {
            "value": 9952.0,
            "min": 9952.0,
            "max": 9952.0,
            "count": 1
        },
        "HarvesterAgent.Step.sum": {
            "value": 9952.0,
            "min": 9952.0,
            "max": 9952.0,
            "count": 1
        },
        "HarvesterAgent.Policy.ExtrinsicValueEstimate.mean": {
            "value": 8745459652755456.0,
            "min": 8745459652755456.0,
            "max": 8745459652755456.0,
            "count": 1
        },
        "HarvesterAgent.Policy.ExtrinsicValueEstimate.sum": {
            "value": 1.4255099534639104e+18,
            "min": 1.4255099534639104e+18,
            "max": 1.4255099534639104e+18,
            "count": 1
        },
        "HarvesterAgent.Losses.PolicyLoss.mean": {
            "value": 0.008197071266162696,
            "min": 0.008197071266162696,
            "max": 0.008197071266162696,
            "count": 1
        },
        "HarvesterAgent.Losses.PolicyLoss.sum": {
            "value": 0.5819920598975514,
            "min": 0.5819920598975514,
            "max": 0.5819920598975514,
            "count": 1
        },
        "HarvesterAgent.Losses.ValueLoss.mean": {
            "value": 4.519547793966696e+30,
            "min": 4.519547793966696e+30,
            "max": 4.519547793966696e+30,
            "count": 1
        },
        "HarvesterAgent.Losses.ValueLoss.sum": {
            "value": 3.208878933716354e+32,
            "min": 3.208878933716354e+32,
            "max": 3.208878933716354e+32,
            "count": 1
        },
        "HarvesterAgent.Policy.LearningRate.mean": {
            "value": 0.6930313915502914,
            "min": 0.6930313915502914,
            "max": 0.6930313915502914,
            "count": 1
        },
        "HarvesterAgent.Policy.LearningRate.sum": {
            "value": 49.205228800070685,
            "min": 49.205228800070685,
            "max": 49.205228800070685,
            "count": 1
        },
        "HarvesterAgent.Policy.Epsilon.mean": {
            "value": 0.19900448450704225,
            "min": 0.19900448450704225,
            "max": 0.19900448450704225,
            "count": 1
        },
        "HarvesterAgent.Policy.Epsilon.sum": {
            "value": 14.1293184,
            "min": 14.1293184,
            "max": 14.1293184,
            "count": 1
        },
        "HarvesterAgent.Policy.Beta.mean": {
            "value": 0.0004951219740845071,
            "min": 0.0004951219740845071,
            "max": 0.0004951219740845071,
            "count": 1
        },
        "HarvesterAgent.Policy.Beta.sum": {
            "value": 0.03515366016,
            "min": 0.03515366016,
            "max": 0.03515366016,
            "count": 1
        },
        "HarvesterAgent.Environment.EpisodeLength.mean": {
            "value": 599.0,
            "min": 599.0,